ID,x,y,Name,Age
1,7798,3859,Stephen Avila,36
2,4699,1368,Brian Morgan,40
3,2960,2493,Julie Hall,32
4,5156,1620,Andrea Porter,96
5,738,7034,Benjamin Perez,40
6,2274,251,Sherry Gilmore,54
7,7373,3312,Laura Jones,34
8,3511,1806,Jack Baldwin,58
9,9151,3700,Nicole Lang,38
10,9596,7795,Amber Tucker,86
11,8930,8115,Seth Roberts,93
12,7826,1537,Tammy Rivera,72
13,3193,9333,Jamie Beasley,48
14,2445,7468,Karen Johnson,41
15,1415,5516,Teresa Cameron,73
16,7770,8780,Joshua Wolfe,57
17,327,3577,Tonya Mckinney,72
18,8109,1570,James Ruiz,79
19,6731,5254,Brian Briggs,33
20,639,5587,Robert Howard,80
21,4262,9660,Janice Bell,52
22,9008,3455,Rachael Burgess,40
23,2296,483,Ricardo Carroll,54
24,5687,7227,Ashley Wilson,57
25,8964,4238,Jennifer Atkinson,69
26,5193,5190,Julie Lee,98
27,3345,4505,Scott Reed,65
28,5705,1619,Stephen Wood,89
29,1549,5211,Catherine Frey,53
30,4775,7935,Paul Wagner,35
31,8089,2239,Matthew Turner,81
32,3095,36,Joan Murray,93
33,5095,4404,David Bell,22
34,9111,4468,Anthony Martinez,99
35,2210,8925,Rebecca Potts,88
36,8205,3510,Ryan Rowe,81
37,2045,9875,James Brown,85
38,935,6217,Zachary Rodriguez,47
39,1085,5236,Jason Martinez,81
40,4392,8215,Daniel Wilson,81
41,2944,3278,Alejandra Thomas,34
42,4870,3343,Melvin Robertson,57
43,4231,1162,Brittney Webb,40
44,2538,3568,Gene Wright,55
45,5054,2357,Benjamin Allen,46
46,8276,7810,Justin Bradley,44
47,5375,2125,Ashley Walker,72
48,4276,7834,Benjamin Prince,25
49,4230,5006,Jonathon Bell,40
50,4265,267,Amanda Callahan,60
51,2278,1107,Ryan Williams,22
52,6221,7115,Frank Phillips,55
53,7893,1658,Amber Blevins,36
54,4392,7203,Diane Hayes,42
55,7294,4834,Andrea Jackson,60
56,6953,5351,Kathryn Ross,65
57,7897,3974,David Watts,55
58,7711,9244,Matthew Ellis,30
59,4916,9055,Kelly Garcia,69
60,51,3386,Tina Stevens MD,79
61,744,3453,William Armstrong,27
62,7947,525,Elizabeth Warren,54
63,4272,7237,Tanya Herman,69
64,5451,999,Ruth Cooper,47
65,1925,9828,Michael Valentine,61
66,1549,4250,Mackenzie Harding,84
67,9617,1726,Ryan Franklin,56
68,4368,2723,James Stephens,94
69,8027,3740,Crystal Thompson,38
70,1855,5543,Deborah Stewart,87
71,5060,8012,Nancy Giles,73
72,2897,3145,Kelli Glover,44
73,5189,3030,Sierra Moore,54
74,9469,6444,Christopher Martin,19
75,2096,1153,Kimberly Phillips MD,41
76,1185,3860,Kyle Jensen,45
77,7338,8195,Debbie Moran,53
78,8026,2703,Christina Wagner,96
79,4994,1489,Brian Garcia,68
80,7189,8943,Kelly Wright,38
81,2495,1896,Gary Glass,39
82,5828,4957,John Green,57
83,2547,5359,Nicholas Bell,84
84,1753,6081,Brian Jones,85
85,5472,561,Angela Ruiz,30
86,4898,100,Eddie Smith,46
87,3671,8656,Gregory Barrett,33
88,4727,9198,Paul Yang,77
89,6254,8460,Mrs. Sharon Maldonado,18
90,6019,9429,Robert Patel,61
91,201,201,Dana Clark,49
92,5424,9177,Daniel Carlson,76
93,9735,1056,Wesley Smith,76
94,22,3182,Samuel Bailey,99
95,3429,6123,Danny Martin,93
96,841,6030,Robert Price,83
97,5781,1887,Zachary Wilson,47
98,2326,4769,Jessica Rios,93
99,8712,6495,Tonya Bartlett,52
100,6574,4419,Maxwell Gilbert,92
101,380,4812,Jose Johnson,67
102,6108,517,Joshua Bridges,83
103,5768,5482,Jennifer Davis,73
104,3558,2416,Donald Rodriguez,37
105,306,9267,Abigail Brown,52
106,9457,8543,Charles Williams,63
107,881,2716,Shawn Sullivan,18
108,7429,5926,Blake Hardy,53
109,6786,9158,John Gibbs,100
110,1980,5968,Kim Hughes,64
111,1491,7830,Allison Cook,89
112,7383,4299,Mrs. Ashley Jackson,21
113,7616,3451,Lawrence Torres,51
114,4650,144,Michelle Randall,18
115,3124,1320,Linda Williams,39
116,5211,9347,Makayla Miller,94
117,4919,7778,Paul Cox,39
118,3915,6600,Mr. Thomas Mcdonald,85
119,3824,4448,Christopher Davis,54
120,2343,510,Jeffrey Velasquez,55
121,3324,1532,Taylor Johnson,54
122,8827,2446,Dawn Jensen,25
123,6958,3563,Nicole Merritt,78
124,8548,9289,Joseph Bennett,91
125,8911,6994,Shawn Nash,51
126,9380,1627,Anthony Schwartz,68
127,9147,6585,Deborah Mccarthy,56
128,1315,7510,Jeffery Dickson,85
129,5092,5710,Laura Williams,96
130,6154,2580,Scott Miranda,43
131,4273,4068,Jordan Moore,20
132,9454,2297,Scott Ramos,40
133,8259,7647,Brenda Brennan MD,33
134,6890,7126,Luke Hines,75
135,2760,3118,Lynn Hamilton,41
136,5586,8677,Tony Beck,80
137,7701,96,Alyssa Newman,82
138,3762,8890,Robert Larson,26
139,7866,3274,Adrienne James,92
140,2947,9080,Joseph Moran,60
141,3074,5215,Roger Cabrera,53
142,7841,7913,Richard Payne,93
143,9363,525,Raymond Jimenez,88
144,3096,9754,Deanna Jacobs,41
145,3005,5551,Leslie Cannon,62
146,4338,1835,Barbara Fitzgerald,99
147,2736,8092,Stephanie King,82
148,6463,6804,Melissa Johnson,65
149,4499,6173,William West,93
150,4944,7246,Katrina Kim,53
151,2657,4305,Karl Hodge,92
152,4946,1496,Timothy Juarez,87
153,8717,7389,Valerie Le,100
154,7732,1043,Tony Morales,81
155,4409,2646,Bradley Hart,26
156,4049,2267,Paul Wright,96
157,6946,9168,Adam Macdonald,91
158,9895,3857,Timothy Lane,81
159,7013,4376,Jimmy Smith,46
160,6352,6695,Jason Little,66
161,2809,5967,Selena Manning,55
162,2152,6475,Charles Robbins,49
163,5472,839,Eric Garcia,44
164,7469,5556,Dylan Chavez,90
165,3992,6766,William Watson,32
166,6363,5655,William Myers,41
167,8168,2255,Vanessa Newman,36
168,8684,3461,Sarah Parker,49
169,3377,1588,Darlene Lynch,28
170,310,9993,David Jackson,92
171,9367,7360,Cody Glenn,56
172,7083,2124,David Love,98
173,9901,9589,David Mathews,60
174,7010,1188,Misty Robles,58
175,8153,4196,Kristy Watts,91
176,6496,8180,David Williams,88
177,3309,418,Paul Frey,37
178,6176,5853,Brenda Strickland,48
179,5426,3640,Julian Lee,64
180,4140,8302,Jasmine Medina,29
181,4040,7772,Adam Williams,49
182,874,1237,Lauren Gomez,58
183,1812,2504,Susan Jordan,100
184,4510,6361,Douglas Matthews,92
185,3958,672,Aaron Martin,37
186,1854,6850,Heather Lee,79
187,4350,2388,William Powers,35
188,1409,9186,Rebecca Walker,74
189,6647,6835,David Mueller,64
190,9609,265,John Macias,80
191,4575,684,Michael Calderon,99
192,9674,6645,Dr. Thomas Cooley DDS,76
193,330,1718,Anna Moore,99
194,9859,6629,Pamela Ruiz,73
195,4203,5763,Jason Burgess,63
196,1925,6449,Mrs. Christina Ellis,94
197,4413,1945,Mike Hernandez,87
198,8914,5509,Jennifer Woodard,43
199,518,1536,Maria Martinez,57
200,9146,5545,Lisa Woods,80
201,8142,7194,Alexandria Bass,79
202,6206,5700,Daniel Ford,78
203,4420,1443,Yesenia Garner,37
204,6808,3270,Theresa Johnson,72
205,2844,7724,Janet Mays,76
206,4507,7225,Bailey Hunt,87
207,4605,7909,Nicholas Williams,31
208,2720,356,Ruben Tanner,46
209,9259,3558,Marcus Hughes,87
210,8333,4999,Jesse West,34
211,1929,4924,Scott Stewart,46
212,5276,3798,Jacob Holder,71
213,7218,6546,Tiffany Ballard,33
214,1682,8720,Kristen Roberts,64
215,4807,8466,Rebecca Andrade,57
216,830,2009,April Berger,96
217,3228,1237,Tracy Hill DVM,50
218,2189,2150,Katie Bell,36
219,2503,1063,Christopher Yoder,51
220,2571,2868,Roberto Matthews,94
221,8004,6069,Matthew Jones,81
222,5765,4929,Stephanie Ford,83
223,4607,4727,Gregory Leblanc,94
224,2510,7933,Todd Torres,71
225,1223,5389,Sarah Gibson,88
226,4284,6536,Raymond Simon,18
227,1286,3014,Brian Hernandez,20
228,883,5283,Michele Owens,87
229,4980,8372,Kenneth Lawrence,46
230,2753,1406,Adam Lang,98
231,447,209,Tamara Sanchez,67
232,8158,9441,Summer Hendrix,46
233,8804,6186,Jason Mack MD,26
234,6690,135,Linda Scott,19
235,9585,8175,Lucas Fry,48
236,8563,2298,Michael Russell,76
237,3753,3507,Travis Pearson,28
238,5648,1959,Rita Brown,68
239,4149,9427,Michael Gomez,50
240,2640,2847,Charles Williams,65
241,9959,527,Meagan Stewart,68
242,7376,5397,Raymond Gregory,92
243,4942,7599,Sonia Morgan,26
244,3378,8824,David Martin,36
245,9310,3784,Tammy Craig,41
246,9892,1878,Brittany Smith,43
247,6252,8293,David Dillon,21
248,7900,1594,Denise Farley,21
249,8753,4030,Joseph Johnson,71
250,574,273,Jonathan Norris,81
251,3373,8134,Courtney Horn MD,63
252,6724,5374,Nicole Mcfarland,99
253,9056,4859,Kenneth Simmons,57
254,6007,723,Kevin Ford,43
255,4066,1591,Ricardo Jarvis,91
256,726,4996,Matthew Evans,99
257,2598,1790,Donna Singh,95
258,3829,3722,David Morris,28
259,9896,3059,Alicia Ramirez,93
260,2464,8526,Dr. Christine Holmes,37
261,9232,7272,Erika Reynolds,20
262,5081,5406,Thomas Barton,51
263,102,1662,Elijah Weber,35
264,3246,5294,Sydney Williams,86
265,7549,8858,Michael Davis,79
266,4255,7023,Patrick Baldwin,31
267,3228,2092,Sarah Martinez,59
268,8708,6614,Elizabeth Jackson,92
269,6183,1921,Lori Mendoza,63
270,1867,475,Jeremy Villarreal,28
271,9684,7031,Nicholas Thompson,72
272,5132,368,Tracy Brock,74
273,4464,8834,Charles Chavez,61
274,1554,3154,Angela Baker,86
275,1629,903,Jacqueline Beck,93
276,7462,4618,Janice Smith,51
277,5571,9842,Mark Medina,87
278,6889,8634,Jacob Carlson,63
279,4296,7816,Jeffery Watson,70
280,8082,4069,Elizabeth Thomas,21
281,5294,1840,Sabrina Lee,94
282,7798,7566,Emily Williams,33
283,1266,6983,Crystal Johnston,87
284,1260,4996,Christopher Guerrero,59
285,5292,7174,William Nelson,18
286,6878,5376,Jacqueline Bishop,72
287,515,9899,Robert Ward,82
288,7107,4913,Nicole Cook,72
289,4894,1578,Matthew Weber,64
290,1311,1495,Xavier Reese,19
291,7015,8634,Timothy Davis,68
292,1195,7070,Virginia Adams,38
293,2136,7183,Amy Guerra,100
294,7375,5007,John Flowers,86
295,7400,7233,Robin Christensen,38
296,7098,1152,David Nguyen,28
297,146,935,Jon Newman,70
298,5870,5767,Melanie Hernandez,52
299,2138,3215,Alison Bowers,71
300,6149,3197,Ms. Shannon Harrington,28
301,2202,3418,Andrew Allen,78
302,7581,6486,Brenda Hill,50
303,6868,2301,Paul Scott,40
304,851,6874,Ebony Alexander,42
305,235,4963,Kyle Wolf,79
306,2904,440,Derrick Faulkner,42
307,187,4554,Tony Horton,39
308,821,9325,Christopher Braun,36
309,9295,338,Rebecca Scott,64
310,6493,231,Jon Green,30
311,8035,4637,Sharon Medina,84
312,9003,9063,Anthony Perez,95
313,1376,3279,Jennifer Brown,44
314,4397,5441,Caleb Lee,82
315,6475,5206,Duane Meadows,21
316,3303,5335,Timothy Booth,95
317,3711,278,Heather David,57
318,5485,1805,Michelle Reynolds,75
319,9032,2590,David Mooney,85
320,9207,2607,Matthew Gray,40
321,1432,3336,Mark Adams,72
322,6891,1650,Edward Friedman,100
323,439,3585,Joshua Rodgers,43
324,1734,545,Austin Harris,96
325,7016,4224,Lauren Wood,82
326,4095,8691,Amber House,41
327,6773,1028,Paula Gregory,67
328,1259,8351,Sheila Reid,55
329,6323,5204,Natasha Sellers,28
330,6208,2946,David Gonzalez,86
331,863,6427,Edward Dickerson,92
332,2653,2277,Sara Cannon,18
333,2390,3669,Leah Garcia,58
334,2479,4144,Melissa Ruiz,73
335,1313,786,Michael Lee,44
336,8009,8017,Joanne Powell,69
337,5698,3086,Angela Ellis,95
338,5777,3280,Sarah Underwood,32
339,8102,265,Mary Wright,52
340,6849,7537,Matthew Horn,63
341,8730,3772,Travis Garcia,87
342,2008,1824,Tyler Adkins,81
343,7953,9190,Mary Lewis,100
344,9519,1570,Jessica Armstrong,83
345,5080,9469,Thomas Haley,93
346,5044,2910,Susan Davis,47
347,5346,6239,Jenna Davis,52
348,1070,2820,Philip Krause,47
349,5483,9779,Kathryn Harding,88
350,7128,6458,Toni Jones,96
351,8121,2064,Eric York,67
352,1792,1563,Holly Snyder,78
353,3790,6399,Brian Fitzgerald,38
354,6761,5822,Amanda Lopez,29
355,1647,1861,Michelle Peters,23
356,8745,2742,Vernon Barnes,61
357,8771,1799,John Carr,81
358,5767,5570,Scott Harris,78
359,6344,678,Jackson Booth MD,60
360,6772,1439,Marcus Garcia,66
361,3746,69,Lori Lindsey,28
362,1543,6251,Victoria Hall,95
363,2386,9975,Patricia Long,50
364,21,3165,Raymond Wilson,94
365,968,3885,Marcus Williams,50
366,7073,3099,Raymond Gonzalez,41
367,4668,6721,Felicia Williams,59
368,4440,6862,David Kelly,39
369,1451,1701,Michael Macdonald,72
370,8528,8346,Amy Ibarra,25
371,7355,2193,Kyle Carpenter,51
372,549,428,John Moore,54
373,4437,5250,Mr. Mark Harris MD,96
374,7936,500,Stacy Ramirez,88
375,5588,1504,Alan Rodgers,66
376,722,5717,Andre Williams,94
377,9367,5530,Jocelyn Melton,53
378,1639,4600,John Morris,27
379,8210,7591,Brooke Smith,32
380,711,6905,Michelle Edwards,98
381,326,3438,Michael Brown,88
382,5502,5230,Catherine Maldonado,98
383,3824,9417,Michael Delacruz,35
384,2944,9161,Katrina Miller,76
385,3499,6807,Danielle Delgado,81
386,9771,1489,Jill Murray,86
387,3932,3458,Whitney Thompson,22
388,7046,3017,Michael Ball,21
389,8459,8419,Eric Stevenson,79
390,1707,962,Denise Bass,27
391,6133,6069,Karen Salinas,77
392,8622,601,David Henson,44
393,3485,7655,Amy Long,39
394,7688,2055,Courtney Grant,70
395,8731,6224,Justin Mathis,82
396,4654,4028,Christopher Torres,82
397,6810,6186,Stephanie Anderson,100
398,7935,9297,April Paul,70
399,2896,2995,Ray Farmer,43
400,3478,6075,Randall Ho,88
401,1918,399,Nicole Bradford,46
402,7757,1470,Robert Sims MD,22
403,8141,3989,Jasmin Graham,54
404,9399,179,Megan Steele,24
405,7939,4297,Angela Fry,82
406,8301,6638,Alicia Lewis,33
407,2140,1015,Natalie Lucero,49
408,540,5296,Amy Riley,21
409,970,9435,David Lopez,68
410,2405,1663,Ryan Fry,53
411,757,5034,Christopher Ellis,74
412,2597,9691,Anna Benjamin,45
413,704,8238,Brooke Long,100
414,2125,4637,Eric Moore,24
415,2727,166,Susan Jenkins,94
416,7398,4350,Tyler Davila,37
417,4082,5892,Tyler Miller,79
418,8322,332,Michelle Lee,91
419,5112,6216,Tara Blackburn MD,36
420,354,6808,Jonathan Patel,41
421,3497,7308,Rachel Graves,68
422,6216,9786,Ruben Herring,74
423,413,3171,Jacqueline Vance,34
424,8367,1337,Eric Taylor,28
425,2412,1900,Matthew Martinez,33
426,260,3187,Kevin Bell,80
427,1039,997,Michael Doyle,53
428,3820,9095,Sheri Dean,88
429,5433,1256,Christina Roberts,26
430,6886,2859,Anna Tucker,32
431,3164,5127,Francisco Neal,94
432,6154,5134,Erica Landry,92
433,5787,1676,Stephanie Patterson,25
434,1663,1769,Jose Palmer,26
435,3759,5168,Edward Kramer,73
436,6533,5069,Alice Nguyen,48
437,4545,8527,Tonya Hernandez,19
438,9944,569,Ariana Campbell,76
439,7632,4394,John Long,31
440,8661,4567,Danny Douglas,91
441,7937,6653,Nathaniel Gonzalez,93
442,3210,281,Lisa Smith,42
443,3688,6188,John Smith,86
444,2181,8036,Ralph David,50
445,3463,1887,Ashley Lamb,66
446,631,3986,Carlos Smith,98
447,8385,1858,Austin Richardson,31
448,6537,7620,Sarah Perkins,45
449,6931,9978,Rebecca Miranda,57
450,5436,8530,David Hill,79
451,8995,3861,Paul Gaines,80
452,8801,9179,Alexis Cook,91
453,2311,1861,Vincent Davis,27
454,8933,9886,Mary Davis,26
455,4386,6984,Sandra Taylor,92
456,189,4978,Sonya Ellis,62
457,826,2971,Abigail Lopez,20
458,2446,5523,Kendra Rowe,91
459,7351,1869,Charles Mathews,99
460,7658,303,Christopher Stewart,65
461,8611,7433,Paula Leach,72
462,4728,6669,Cassie Vazquez,68
463,8897,6434,Danielle Fisher,71
464,1410,2717,Shannon Cochran,98
465,4898,2426,Andrea Chaney,98
466,4934,9117,Michael Adkins,97
467,8184,2855,Nancy Stewart,71
468,6292,5027,Adam Mckinney,90
469,120,7304,Francisco Payne,83
470,9451,6272,Jonathan Taylor,67
471,2901,1061,Aaron Ortiz MD,19
472,8949,5714,Jessica Adams,76
473,9972,3174,Kim Andrade,82
474,6128,2481,Robert Barnes,83
475,1433,4178,Emily Carter,29
476,17,9203,Laura Bauer,36
477,9974,7478,Michael Colon,69
478,3381,1355,Matthew Hayes,55
479,2748,5683,Joseph Aguilar,64
480,6793,8029,Stephanie Malone,39
481,1574,9172,Christopher Pena,25
482,9668,845,Jeffrey Owens,90
483,1275,647,Kevin Fuentes,23
484,863,1847,Antonio James,57
485,2087,2435,Steven Larson,33
486,5365,4769,Brett Castro,61
487,64,7306,Patty Peters,26
488,7920,1154,Anna Carson,76
489,1041,5572,Shawn Sims,54
490,4828,4721,Jason Fisher,86
491,5439,8928,Brenda Osborne,86
492,2930,7955,Michelle Stone MD,75
493,1166,1432,Renee Ortiz,96
494,9326,4282,Bryan Bell,56
495,6884,8816,Timothy Rogers,96
496,3373,6330,Peter Anderson,80
497,792,2917,Lori Howard,89
498,2503,5932,Cynthia Young,33
499,4527,6796,James Russell,85
500,3390,5010,Mark Osborn,62
501,2461,1865,Megan Smith,50
502,3172,7294,Melissa Gamble,49
503,5081,4066,Darren Lee,40
504,5139,8972,Bethany White,29
505,1890,6080,Katie Adkins,70
506,4052,6407,Rebekah Mejia,85
507,3121,3536,Andrew Lester,22
508,1932,1504,Katie Jones,72
509,3695,4764,Stephanie Landry,30
510,7753,2187,Eric Walters,59
511,2682,7846,Kenneth Jenkins,90
512,4736,5177,Mackenzie Lynch,24
513,1388,780,Jose Smith,67
514,3055,4645,Alyssa Dominguez,54
515,7716,9849,Kevin Allen,90
516,5620,3005,Angela Kim,73
517,9119,5820,Charles Fisher,49
518,8969,6788,John Williams,29
519,9343,5132,Dawn Hamilton,78
520,9590,8152,Amanda Vega,74
521,1540,3832,Melissa Richardson,81
522,6380,4696,Ronald Rocha,29
523,7301,2605,Maria Oliver,65
524,685,2477,Morgan Ware,23
525,5893,9890,Megan Roberts,80
526,1236,1647,Juan Marshall,77
527,8016,7644,Caleb Clark,59
528,6139,1360,Kellie Flores,78
529,3924,6419,Molly Lee,59
530,63,4756,Dana Houston,29
531,2097,4719,April Stewart,96
532,5448,7766,Ryan Munoz,75
533,9004,5441,Joseph Arnold,77
534,1243,4597,Stephanie Benitez,22
535,5011,7858,Thomas Wright,58
536,9903,6020,Cheyenne Figueroa,48
537,3506,7457,Lisa Stewart,94
538,1905,1513,Nathan Evans,55
539,5425,1822,Tracy Sims,65
540,6706,2961,Raven King,87
541,6999,344,Ronald Blake,49
542,2456,1770,Katherine Kennedy,87
543,3654,4877,Angela Hinton DDS,20
544,4408,1442,Mr. Thomas Brown,92
545,4308,4105,Ryan Edwards,68
546,2210,5175,Anthony Washington,41
547,374,2191,Kendra Rivera,51
548,7503,1092,Douglas Guzman,61
549,2048,5017,Carlos Kennedy,28
550,1828,7201,Dawn Contreras,30
551,3564,7698,Dylan Smith,21
552,2041,3710,Daniel Johnson,47
553,172,7744,Susan Kim,28
554,9521,4245,Tyler Reyes,91
555,567,5364,Brianna Parks,86
556,6953,3512,Natasha Wang,25
557,685,7247,Matthew Jones,100
558,9890,5556,Travis Knight,55
559,7267,9954,Tyler Curtis,79
560,1071,1597,Adam Avila,90
561,5076,4056,Melissa Williams,67
562,4828,9988,Corey Walton,36
563,7821,4438,Jack Decker,92
564,2663,7848,Angela Calhoun,70
565,1149,6598,Jacob Sims,94
566,3761,2179,Casey Doyle,77
567,1116,3708,Bridget Sanchez,53
568,7923,5515,Eric Clay,34
569,4785,9795,Anthony Koch,58
570,9838,48,John Miller,35
571,2382,8229,Christopher Alvarado,47
572,1448,7003,Robert Jackson,79
573,7004,3130,Christopher Mcdonald,81
574,7974,7692,Michelle Mckay,42
575,5884,6045,Jack Carter,81
576,2071,5347,John Nicholson,85
577,2356,2185,John Hurst,65
578,7338,4837,Breanna Davis,93
579,2426,5078,Deborah Cook,78
580,5782,5750,Anthony Stephens,27
581,8439,3122,Nicholas Jacobs,98
582,629,4717,Julia Bowen,59
583,2912,2540,Robert Anderson,62
584,8070,9602,William Bell,81
585,2651,6775,Ryan Conley,30
586,1941,9644,Emily Flores,30
587,8573,8051,Sandra Clayton,30
588,4124,5397,Jennifer Graham,30
589,9916,3984,Dana Mcdonald,72
590,5048,4255,Victoria Mcconnell,54
591,6654,3331,Allison Blackburn,37
592,4995,10,Donald Smith,74
593,8744,1428,Nicole Brown,67
594,1834,3300,Jessica Lucero,47
595,9815,2747,Christopher Parker,84
596,5608,1628,Brittany Lane,41
597,503,9810,Colton Johnson,64
598,5341,7871,Robert Davis,80
599,5750,1358,Sean Vargas,59
600,1056,1468,Jeremy Little,93
601,2970,7643,Kelly Adams,66
602,2907,2629,Mark Henderson,96
603,7908,4174,Debbie Lawrence,61
604,595,4214,Sean Pham,80
605,3053,8014,Gregory Cooper,57
606,5287,7564,Joshua Barron,29
607,8274,9655,Candace Green,30
608,1635,9318,Ricky Gross,47
609,5923,3014,Laura Miles,50
610,7745,2986,Samantha Scott,94
611,1868,5391,Joseph Lamb,46
612,1905,183,Sandra Ryan,48
613,2901,4593,Shannon Guzman,84
614,6397,2675,Robert Sweeney,19
615,2793,7993,Carl Washington,52
616,486,222,Mr. Kevin Avery DVM,80
617,3223,6728,Jasmine Cook,93
618,2526,465,Maureen Owens,94
619,6491,5702,Rebecca Hines,21
620,4100,7092,William Meyer,21
621,3930,5154,Perry Lara,26
622,6725,2264,Jennifer Reed,48
623,6337,2912,Angela Reyes,67
624,3982,3175,Alexis Burgess,70
625,1673,8911,Danielle Martinez,45
626,9106,8119,David Vasquez,23
627,9374,7217,Jennifer Curtis,62
628,1854,6283,David Dunn,79
629,6124,4769,Alex Doyle,100
630,2043,2836,Kelly Sims,34
631,939,615,Christy Watson,53
632,626,760,Kyle Fisher,25
633,8033,2843,Valerie Walton,83
634,7809,7628,Robert Rosales,65
635,8702,7089,Christopher Smith,24
636,4406,8683,Mark Smith,78
637,9787,8679,Greg Hammond,58
638,2940,6068,Johnathan Anderson,52
639,242,4001,William Lloyd,95
640,2328,4367,Kristina Valdez,63
641,2466,9879,Anthony Nolan,26
642,4096,3002,Sharon Thompson,66
643,8825,8913,Jamie Grant,80
644,1183,7403,Colleen Robinson,19
645,6844,3904,Jessica Hamilton,66
646,4949,1050,Dave Smith,33
647,9605,9393,Justin Ferguson,29
648,3762,5222,James Holmes,79
649,7236,2951,Kyle Garcia,86
650,5592,3928,Virginia Davis,35
651,1470,5978,Matthew Grant,46
652,5682,8898,Anthony Smith,78
653,1649,2445,Johnny Delgado,67
654,2284,6816,Bobby Brown,42
655,8027,8614,Dean Norman,52
656,8702,4427,Ann Ortega,19
657,1893,7922,Laura Webb,45
658,5756,4870,Patricia Grant,32
659,3401,2461,Daniel Benson,99
660,5054,7892,Angela Mitchell,28
661,4212,1696,Sheila Davis,84
662,8459,2181,Ronnie Pearson,65
663,3725,628,Kathleen Moore,42
664,4295,8911,Lisa Johnson,71
665,5066,4300,Roger Burke,46
666,913,403,James Serrano,27
667,4864,8469,Gabriel Valentine,42
668,264,8715,Stephen Butler MD,28
669,5582,1551,Patricia Torres,78
670,2728,525,Aaron Reyes,65
671,2315,8408,John Thomas,75
672,7220,898,Colton Hicks,68
673,5308,2452,Steven Smith,19
674,8053,8293,Molly Everett,98
675,1210,1298,Barbara Howard,30
676,8297,4868,Sara Briggs,36
677,3652,2850,Justin Sharp,53
678,6686,9679,Mike Webb,38
679,422,2896,Curtis Hernandez,24
680,8292,8371,David Bishop,89
681,2845,4954,David Durham,97
682,5494,2743,Jeremy Taylor,31
683,8831,8917,Sonya Martinez,45
684,8784,95,Christina Dean,44
685,4800,4109,Brenda Ross,31
686,7489,4819,Alex Greer,70
687,8507,1827,Jessica Cross,33
688,3493,1593,Sandra Wilson,30
689,3226,3374,Anthony Novak,93
690,634,7127,Aaron Mitchell,20
691,6609,8645,Christopher Singh,95
692,5885,2557,Colleen Coleman,98
693,6402,8287,Amy Liu,94
694,3942,7669,Karen Gray,85
695,5560,4388,Randy Sexton,59
696,7261,5440,Curtis Yoder,49
697,8743,5896,Tami Smith,20
698,5478,1387,Shirley Campbell,36
699,7231,7014,Natalie Bishop,33
700,7350,8657,Tanya Kennedy,54
701,3881,9224,Leonard Ruiz,48
702,9102,6166,Pamela Garcia,53
703,10,5362,Angel Evans,32
704,3634,6011,Lauren Hanson,74
705,8809,5806,Frank Lyons,20
706,9411,4238,Brooke Williams,27
707,3998,4462,Carolyn Johnson,45
708,9566,6565,Jessica Reynolds,87
709,4218,1911,Jason Lewis,85
710,699,6988,Thomas Thompson,51
711,9085,390,Ricardo Garcia,23
712,2749,4474,Janice Williams,92
713,5113,8139,Robin Cooper,25
714,9596,9001,Leroy Potts,47
715,6743,4883,Amy Long,52
716,211,6595,Jaclyn Townsend,88
717,3316,2367,Manuel Lopez,19
718,9556,3155,Adrienne Hansen,67
719,2906,3256,Brooke Strong,27
720,6464,4413,Jean Alexander,29
721,3334,4513,Casey Wheeler,31
722,4579,668,Kathleen Jensen,27
723,2020,5625,Laura Allen MD,88
724,7811,5324,Eric Greene,39
725,5843,8819,Ryan Dunn,66
726,744,846,David Waters,42
727,5964,2775,Justin Frederick,97
728,8488,3474,Sara Allen,67
729,617,3672,Sarah Lam,81
730,8292,7494,Robin Hill,31
731,1268,1956,Dylan Jacobs,75
732,3626,7845,Aaron Thomas,85
733,7986,8546,Mark Hughes,27
734,7004,9612,Melvin Thomas,36
735,4299,6452,Craig Gibson,92
736,4383,2968,Ian Rivera,26
737,5484,2367,Brian Dunn,71
738,9636,4980,Brenda Nguyen,39
739,5137,7282,Michael Watts,86
740,9199,3535,Karen Jones,26
741,4541,8763,Amy Chapman,100
742,626,5194,Pamela Ortiz,67
743,1570,8855,Tyler Clayton,33
744,5561,4527,Jennifer Hahn MD,67
745,8523,4489,Kimberly Castro,80
746,1990,7117,David Diaz,67
747,5701,6844,Rebecca Galloway,35
748,8154,71,Amber Moses,96
749,7305,8848,Joseph Lynch,87
750,2113,7320,John Valencia,90
751,4725,6473,Lisa Anthony,79
752,8065,335,Julie Chapman,99
753,178,7178,Karen Johnson,96
754,4380,4730,Daniel Reynolds,66
755,8587,8844,Eric Ashley,64
756,3695,3622,Isabel Klein,48
757,7039,5226,Douglas Martinez,55
758,9318,5555,Stephanie Ryan,24
759,5455,3841,Tony Moore,76
760,5403,3195,Jennifer Martin,20
761,2292,6611,Kathleen Barnes,27
762,6045,3832,Charlene Harrell,82
763,5654,2155,Stacey Little,47
764,2964,8175,Alison Cannon,39
765,356,4803,Johnathan Ortiz,93
766,6202,6859,Rhonda Mathis,18
767,1454,2901,Melanie Gould,91
768,9594,2959,James Smith,86
769,4334,7526,Christopher Bean,92
770,9529,1599,Betty Kane,38
771,6479,3797,Pamela Allen,61
772,4791,4689,Larry Jones,99
773,9979,8942,Crystal Patterson,48
774,3441,9105,Mary Hunt,96
775,2423,8761,Henry Schmidt,78
776,2519,8598,Luke Bradford,86
777,6253,7355,Micheal Snow,37
778,713,7228,Brandi Moody,88
779,2290,5013,Mr. James Sanders,47
780,4513,9395,Mark Smith,75
781,7940,4540,Rhonda Parker,35
782,4752,4901,Kenneth Larson,65
783,417,5553,Jose Barnett,98
784,5263,6202,Christian Brady,77
785,6404,7374,Nicole Snyder,95
786,2973,5577,Zachary Cisneros,81
787,2755,2318,Brett Flynn,22
788,959,4730,John Thomas,20
789,2518,4598,Alexandra Mueller,83
790,2567,1315,Michelle Morton,88
791,4417,9496,Chelsea Mays,18
792,1463,821,Terri Reed,23
793,6381,3940,Morgan Ross PhD,47
794,2993,3835,Jennifer Lee,34
795,3443,4900,Adam Webb,57
796,2942,3847,Richard Mccann,64
797,4121,7421,Benjamin Howard,61
798,605,6254,Jennifer Werner,62
799,851,8790,Amanda Velez,41
800,362,771,Sean Jones,22
801,4397,6186,Amanda Mcconnell,80
802,5128,7274,Jason White,74
803,3395,1303,Brandon Guzman,27
804,442,2284,Jacqueline Dickerson,25
805,116,8008,Melanie Medina,88
806,6763,6278,Kristy Walton,21
807,8363,3361,Mr. Taylor Maldonado DDS,21
808,525,4416,Christian Gregory,68
809,1142,8806,Robert Maynard,81
810,8221,6879,Keith Douglas,30
811,7801,6865,Eric Wall,72
812,4629,7636,David Boyd,31
813,7018,3582,Nancy Ward,32
814,1079,6206,Lisa Murphy,27
815,4706,8345,Michael Grant,79
816,745,5446,Maureen Stevenson,20
817,7696,4630,Karen Howard,57
818,8579,1438,Cynthia Henderson,46
819,6476,3495,Bonnie Smith,53
820,3395,9431,Chad Coffey,96
821,2292,6902,Timothy Reed,24
822,76,1763,Holly Taylor,35
823,2124,7578,Mike Hall,60
824,9993,8251,Jessica Morgan,77
825,23,3917,Dr. Elizabeth Bell MD,48
826,4363,3429,Shelby Adams,32
827,4694,1546,Christine Vance,75
828,8998,5663,Matthew Reyes,96
829,4774,8469,Sharon Reid,99
830,8036,1477,Judith Burton,66
831,4220,1996,Donald Walsh,67
832,1944,4993,Sheila Thompson,35
833,5629,2487,Caroline Escobar,25
834,9440,6126,Lori Brown,94
835,6357,9385,David Cohen,61
836,8113,1109,Christopher Nguyen,76
837,9302,2453,Paul Montgomery,39
838,5335,5871,Mr. Carlos Ramirez IV,20
839,1922,1843,Rachel Griffin,85
840,7853,5884,Shannon Riddle,48
841,7145,4343,William Clark,78
842,7132,523,Douglas Mendoza,35
843,9360,348,Joseph Boyd,44
844,8470,8408,Victoria Dawson,40
845,6999,6305,Amber Smith,56
846,4169,4296,Catherine Hamilton,84
847,6101,6552,Michael Campbell,21
848,6374,8439,Jennifer Foster,21
849,6254,8005,Tony Campbell,31
850,4627,4711,Robert Knight,82
851,7167,3351,Amanda Jones,72
852,3781,5413,Hayley Carey,65
853,9704,2314,Francisco Buchanan,74
854,9972,1742,Jennifer Wolf,92
855,2527,9275,Derrick Chapman,54
856,4816,6478,Amy Jackson,71
857,6990,8513,Jeffery Taylor,93
858,8594,1717,Sara Payne,90
859,6922,6357,Scott Poole,83
860,360,160,Michael Aguirre,74
861,6998,494,George Singleton,91
862,1658,1806,Samuel Robinson,20
863,1841,7602,Kathleen Ibarra,48
864,4125,1907,Susan Woods,24
865,1609,6211,John Hall,52
866,2733,3542,Cheryl Cooke,68
867,7223,8347,Carrie Thomas,83
868,4732,9489,Diana Dunn,29
869,2093,3594,David Reed,50
870,2217,3938,Dylan Anderson,62
871,5567,2547,Cynthia Lowe,43
872,9577,9449,Mark Osborne,96
873,8796,6926,Sarah Nichols,98
874,240,2547,Jessica Parks,50
875,5275,8302,Eric Thompson,80
876,7826,8864,Jeffery Baxter,61
877,3007,4751,Matthew Stevens,41
878,4828,7646,Katherine Farmer,24
879,1791,4772,Tyler Reese,99
880,8432,3105,Brenda Walker,80
881,4681,9066,Christine Pratt,89
882,2847,6196,Jessica Sims,92
883,5696,6163,Lacey Colon,25
884,2563,7971,Douglas Roberson,59
885,8168,2364,Donna Forbes,74
886,6798,1882,Michael Miller,18
887,7633,3314,Kelly Woods,26
888,8487,7910,Brett Gomez,69
889,9258,1868,Shawn Shepherd,95
890,8361,1572,Sandra Miller,74
891,9600,8635,Ana Benson,35
892,9936,4427,Kevin Reed,88
893,2515,4670,Samuel Valentine,32
894,9420,7475,Jason Hughes,37
895,1993,6050,Kathleen Lopez MD,65
896,2641,4401,Douglas Owens,89
897,5250,678,Courtney Roberts,39
898,4151,265,Cynthia Calderon,40
899,2160,4607,Raymond Baker,65
900,9582,7667,Kyle Lozano,98
901,2565,6467,Elizabeth Kirby,60
902,7844,8094,Cynthia Chase,20
903,5516,7058,Ricardo Baker,63
904,6278,3844,Amanda Pena,49
905,1095,7129,Don Thompson,32
906,4800,2691,Carolyn Mclaughlin,35
907,6010,4783,Kristin Jones,75
908,4710,3906,William Carter,90
909,7808,5365,Jordan Martin,88
910,6688,5280,Ashley White,67
911,7936,2777,Thomas Cunningham,84
912,4442,9460,Alyssa Robinson,48
913,9439,7895,Sarah Graham,58
914,5727,1712,Xavier Brewer,72
915,39,5117,Ashley Davis,19
916,8399,3874,Jennifer Koch,59
917,7655,7172,Victor Ruiz,46
918,2637,8559,Anna Greene,68
919,4507,5906,Cynthia Hill,82
920,1649,7464,Michelle Smith,36
921,7323,5980,Paul Norton,43
922,4604,9209,John Anderson,74
923,6914,1619,Kenneth Hayes,18
924,3783,7888,Mark Bishop,54
925,3554,5271,Amy Mcdonald,31
926,3902,4154,Mark White,68
927,8909,8124,Jacqueline Rhodes,34
928,5279,5237,Kathleen Riley,99
929,9182,6475,Jeffery Anderson,65
930,4464,5036,Leah Tanner,79
931,5870,4115,Sharon Ryan,26
932,733,8088,Diana Snyder,97
933,8132,5241,Nicholas Willis,26
934,4425,6770,Charles Griffin,70
935,961,5064,Brandon Brown,67
936,4524,772,Kim Martin,47
937,836,7533,Nathaniel Mueller,86
938,690,5219,Tony Fleming,27
939,3722,7762,Sara West,39
940,5462,2718,Ariel King,97
941,9501,4097,John Webb,49
942,2794,9171,Nichole Ross,52
943,2413,6386,Lisa Bryant,65
944,1935,3256,Nancy Higgins,34
945,7643,5367,Stephanie Chavez,34
946,3417,2722,Alexandra Meyer,24
947,5669,6037,Danielle Stout,87
948,6687,9703,Sean Sanders,24
949,6793,9439,Charles Anderson,61
950,5137,2773,Samantha Brown,43
951,3782,8673,Shannon Nielsen,78
952,2941,2947,Abigail Welch,89
953,855,2353,Donald Chandler,95
954,6581,2462,David Saunders,58
955,4263,9690,Elizabeth Long,81
956,3439,8013,Maxwell Brooks,38
957,3521,5694,Andrea Brown,93
958,975,611,Carol Mcfarland,87
959,3439,7383,Robert Mendez,99
960,1405,675,Carly Reynolds,65
961,3012,5740,Crystal Davis,85
962,6534,4052,Dr. Shawna Wong MD,72
963,3365,7322,Lonnie Walters,70
964,2335,51,Paul Maddox,56
965,7440,2485,Cynthia Lee,29
966,5767,678,Sarah Byrd,86
967,166,6239,Mr. Daniel Jones,94
968,1175,7662,Jon Liu,50
969,6956,1979,Andrew Kemp,95
970,5176,4649,Stephanie Weaver,25
971,291,917,Evan Mills Jr.,44
972,9615,3432,Brett Hanson,90
973,628,3352,James Thompson,28
974,7734,4516,Ashley Cisneros,83
975,7252,4497,Charles Kennedy,55
976,9855,5686,Tina Sanders,84
977,8305,3154,Mike Owen,84
978,4875,494,Connie Romero,53
979,1907,3365,Matthew Roberts,78
980,3878,3052,Jamie Clark,67
981,9220,9865,David Collins,29
982,9710,1133,Susan Fitzgerald,32
983,440,9381,Craig Foster,80
984,4012,7915,Jason Hill,34
985,7413,4618,Jonathan Marks,59
986,3939,6246,David Porter,26
987,2187,7021,Douglas Banks,84
988,6748,1174,Natasha Andrade,92
989,3780,5733,Mrs. Jessica Brown,84
990,36,1209,Matthew Jones,67
991,1898,7321,Darrell Clark,48
992,809,4933,Robert Coleman,84
993,6086,7523,Dean Thompson,88
994,1190,4689,Luke Martinez,40
995,3033,3255,Jerry Jones,58
996,3641,5243,Jill Mccall,20
997,7921,6262,Angelica Reed,37
998,8434,7331,Chad Henderson,20
999,1231,5345,Melissa Obrien,43
1000,5635,9641,Douglas Thompson,64
